{
    "$schema": "https://schema.management.azure.com/schemas/2019-04-01/deploymentTemplate.json#",
    "contentVersion": "1.0.0.0",
    "parameters": {
        "sites_SummerInterview2023_name": {
            "defaultValue": "SummerInterview2023",
            "type": "String"
        },
        "serverfarms_ASP_SummerInterview2023_a1a9_externalid": {
            "defaultValue": "/subscriptions/9c2422ee-4329-48d5-9328-243ac923e9db/resourceGroups/SummerInterview2023/providers/Microsoft.Web/serverfarms/ASP-SummerInterview2023-a1a9",
            "type": "String"
        }
    },
    "variables": {},
    "resources": [
        {
            "type": "Microsoft.Web/sites",
            "apiVersion": "2022-09-01",
            "name": "[parameters('sites_SummerInterview2023_name')]",
            "location": "East US",
            "tags": {
                "hidden-link: /app-insights-resource-id": "/subscriptions/9c2422ee-4329-48d5-9328-243ac923e9db/resourceGroups/SummerInterview2023/providers/Microsoft.Insights/components/SummerInterview2023"
            },
            "kind": "functionapp,workflowapp",
            "identity": {
                "type": "SystemAssigned"
            },
            "properties": {
                "enabled": true,
                "hostNameSslStates": [
                    {
                        "name": "summerinterview2023.azurewebsites.net",
                        "sslState": "Disabled",
                        "hostType": "Standard"
                    },
                    {
                        "name": "summerinterview2023.scm.azurewebsites.net",
                        "sslState": "Disabled",
                        "hostType": "Repository"
                    }
                ],
                "serverFarmId": "[parameters('serverfarms_ASP_SummerInterview2023_a1a9_externalid')]",
                "reserved": false,
                "isXenon": false,
                "hyperV": false,
                "vnetRouteAllEnabled": false,
                "vnetImagePullEnabled": false,
                "vnetContentShareEnabled": false,
                "siteConfig": {
                    "numberOfWorkers": 1,
                    "acrUseManagedIdentityCreds": false,
                    "alwaysOn": false,
                    "http20Enabled": false,
                    "functionAppScaleLimit": 0,
                    "minimumElasticInstanceCount": 1
                },
                "scmSiteAlsoStopped": false,
                "clientAffinityEnabled": false,
                "clientCertEnabled": false,
                "clientCertMode": "Required",
                "hostNamesDisabled": false,
                "customDomainVerificationId": "4D4FA96AE21EBF48A683C7CA6A6CC1C5DE08F1A1CA361F15F54A1F84626B5712",
                "containerSize": 1536,
                "dailyMemoryTimeQuota": 0,
                "httpsOnly": true,
                "redundancyMode": "None",
                "publicNetworkAccess": "Enabled",
                "storageAccountRequired": false,
                "keyVaultReferenceIdentity": "SystemAssigned"
            }
        },
        {
            "type": "Microsoft.Web/sites/basicPublishingCredentialsPolicies",
            "apiVersion": "2022-09-01",
            "name": "[concat(parameters('sites_SummerInterview2023_name'), '/ftp')]",
            "location": "East US",
            "dependsOn": [
                "[resourceId('Microsoft.Web/sites', parameters('sites_SummerInterview2023_name'))]"
            ],
            "tags": {
                "hidden-link: /app-insights-resource-id": "/subscriptions/9c2422ee-4329-48d5-9328-243ac923e9db/resourceGroups/SummerInterview2023/providers/Microsoft.Insights/components/SummerInterview2023"
            },
            "properties": {
                "allow": true
            }
        },
        {
            "type": "Microsoft.Web/sites/basicPublishingCredentialsPolicies",
            "apiVersion": "2022-09-01",
            "name": "[concat(parameters('sites_SummerInterview2023_name'), '/scm')]",
            "location": "East US",
            "dependsOn": [
                "[resourceId('Microsoft.Web/sites', parameters('sites_SummerInterview2023_name'))]"
            ],
            "tags": {
                "hidden-link: /app-insights-resource-id": "/subscriptions/9c2422ee-4329-48d5-9328-243ac923e9db/resourceGroups/SummerInterview2023/providers/Microsoft.Insights/components/SummerInterview2023"
            },
            "properties": {
                "allow": true
            }
        },
        {
            "type": "Microsoft.Web/sites/config",
            "apiVersion": "2022-09-01",
            "name": "[concat(parameters('sites_SummerInterview2023_name'), '/web')]",
            "location": "East US",
            "dependsOn": [
                "[resourceId('Microsoft.Web/sites', parameters('sites_SummerInterview2023_name'))]"
            ],
            "tags": {
                "hidden-link: /app-insights-resource-id": "/subscriptions/9c2422ee-4329-48d5-9328-243ac923e9db/resourceGroups/SummerInterview2023/providers/Microsoft.Insights/components/SummerInterview2023"
            },
            "properties": {
                "numberOfWorkers": 1,
                "defaultDocuments": [
                    "Default.htm",
                    "Default.html",
                    "Default.asp",
                    "index.htm",
                    "index.html",
                    "iisstart.htm",
                    "default.aspx",
                    "index.php"
                ],
                "netFrameworkVersion": "v6.0",
                "requestTracingEnabled": false,
                "remoteDebuggingEnabled": false,
                "remoteDebuggingVersion": "VS2019",
                "httpLoggingEnabled": false,
                "acrUseManagedIdentityCreds": false,
                "logsDirectorySizeLimit": 35,
                "detailedErrorLoggingEnabled": false,
                "publishingUsername": "$SummerInterview2023",
                "scmType": "None",
                "use32BitWorkerProcess": false,
                "webSocketsEnabled": false,
                "alwaysOn": false,
                "managedPipelineMode": "Integrated",
                "virtualApplications": [
                    {
                        "virtualPath": "/",
                        "physicalPath": "site\\wwwroot",
                        "preloadEnabled": false
                    }
                ],
                "loadBalancing": "LeastRequests",
                "experiments": {
                    "rampUpRules": []
                },
                "autoHealEnabled": false,
                "vnetRouteAllEnabled": false,
                "vnetPrivatePortsCount": 0,
                "publicNetworkAccess": "Enabled",
                "cors": {
                    "allowedOrigins": [
                        "https://portal.azure.com"
                    ],
                    "supportCredentials": false
                },
                "localMySqlEnabled": false,
                "managedServiceIdentityId": 8197,
                "ipSecurityRestrictions": [
                    {
                        "ipAddress": "Any",
                        "action": "Allow",
                        "priority": 2147483647,
                        "name": "Allow all",
                        "description": "Allow all access"
                    }
                ],
                "scmIpSecurityRestrictions": [
                    {
                        "ipAddress": "Any",
                        "action": "Allow",
                        "priority": 2147483647,
                        "name": "Allow all",
                        "description": "Allow all access"
                    }
                ],
                "scmIpSecurityRestrictionsUseMain": false,
                "http20Enabled": false,
                "minTlsVersion": "1.2",
                "scmMinTlsVersion": "1.2",
                "ftpsState": "FtpsOnly",
                "preWarmedInstanceCount": 1,
                "functionAppScaleLimit": 0,
                "functionsRuntimeScaleMonitoringEnabled": true,
                "minimumElasticInstanceCount": 1,
                "azureStorageAccounts": {}
            }
        },
        {
            "type": "Microsoft.Web/sites/hostNameBindings",
            "apiVersion": "2022-09-01",
            "name": "[concat(parameters('sites_SummerInterview2023_name'), '/', parameters('sites_SummerInterview2023_name'), '.azurewebsites.net')]",
            "location": "East US",
            "dependsOn": [
                "[resourceId('Microsoft.Web/sites', parameters('sites_SummerInterview2023_name'))]"
            ],
            "properties": {
                "siteName": "SummerInterview2023",
                "hostNameType": "Verified"
            }
        }
    ]
}