{"$schema":"http://schema.management.azure.com/schemas/2015-01-01/deploymentTemplate.json#","contentVersion":"1.0.0.0","parameters":{"factoryName":{"type":"string","metadata":"Data Factory name"},"ls_SummerInterview2023":{"type":"string"},"ls_config":{"type":"string"}},"variables":{"factoryId":"[concat('Microsoft.DataFactory/factories/', parameters('factoryName'))]"},"resources":[{"name":"[concat(parameters('factoryName'), '/For Each Databricks Config Row')]","type":"Microsoft.DataFactory/factories/pipelines","apiVersion":"2018-06-01","properties":{"activities":[{"name":"Lookup Databricks Init","type":"Lookup","dependsOn":[],"policy":{"timeout":"0.12:00:00","retry":0,"retryIntervalInSeconds":30,"secureOutput":false,"secureInput":false},"userProperties":[],"typeProperties":{"source":{"type":"JsonSource","storeSettings":{"type":"AzureBlobStorageReadSettings","recursive":true,"wildcardFileName":"*.json","enablePartitionDiscovery":false},"formatSettings":{"type":"JsonReadSettings"}},"dataset":{"referenceName":"ls_config","type":"DatasetReference","parameters":{}},"firstRowOnly":false}},{"name":"Run Each Databricks Config Row","type":"ForEach","dependsOn":[{"activity":"Lookup Databricks Init","dependencyConditions":["Succeeded"]}],"userProperties":[],"typeProperties":{"items":{"value":"@activity('Lookup Databricks Init').output.value","type":"Expression"},"activities":[{"name":"Raw to Stage","type":"DatabricksNotebook","dependsOn":[],"policy":{"timeout":"0.12:00:00","retry":0,"retryIntervalInSeconds":30,"secureOutput":false,"secureInput":false},"userProperties":[],"typeProperties":{"notebookPath":{"value":"@item().RawToStageNotebookName","type":"Expression"}},"linkedServiceName":{"referenceName":"[parameters('ls_SummerInterview2023')]","type":"LinkedServiceReference"}},{"name":"Stage To Presentation","type":"DatabricksNotebook","dependsOn":[{"activity":"Raw to Stage","dependencyConditions":["Succeeded"]}],"policy":{"timeout":"0.12:00:00","retry":0,"retryIntervalInSeconds":30,"secureOutput":false,"secureInput":false},"userProperties":[],"typeProperties":{"notebookPath":{"value":"@item().StageToPresentationNotebookName","type":"Expression"}},"linkedServiceName":{"referenceName":"[parameters('ls_SummerInterview2023')]","type":"LinkedServiceReference"}}]}}],"policy":{"elapsedTimeMetric":{},"cancelAfter":{}},"annotations":[],"lastPublishTime":"2023-07-22T19:44:13Z"},"dependsOn":["[concat(variables('factoryId'), '/datasets/ls_config')]"]},{"name":"[concat(parameters('factoryName'), '/ls_config')]","type":"Microsoft.DataFactory/factories/datasets","apiVersion":"2018-06-01","properties":{"linkedServiceName":{"referenceName":"[parameters('ls_config')]","type":"LinkedServiceReference"},"annotations":[],"type":"Json","typeProperties":{"location":{"type":"AzureBlobStorageLocation","folderPath":"DatabricksInit","container":"config"}},"schema":{"type":"object","properties":{"id":{"type":"integer"},"Description":{"type":"string"},"Type":{"type":"string"},"DatabricksLinkedService":{"type":"string"},"RawToStageNotebookName":{"type":"string"},"StageToRawNotebookName":{"type":"string"},"current_timestamp":{"type":"string"}}}},"dependsOn":[]}]}