{
    "$schema": "https://schema.management.azure.com/schemas/2015-01-01/deploymentParameters.json#",
    "contentVersion": "1.0.0.0",
    "parameters": {
        "workflows_ConsumptionSummerInterview2023_name": {
            "value": null
        },
        "connections_azureblob_2_externalid": {
            "value": null
        },
        "connections_keyvault_1_externalid": {
            "value": null
        },
        "connections_azuredatafactory_1_externalid": {
            "value": null
        }
    }
}