{
    "$schema": "https://schema.management.azure.com/schemas/2019-04-01/deploymentTemplate.json#",
    "contentVersion": "1.0.0.0",
    "parameters": {
        "workflows_ConsumptionSummerInterview2023_name": {
            "defaultValue": "ConsumptionSummerInterview2023",
            "type": "String"
        },
        "connections_azureblob_2_externalid": {
            "defaultValue": "/subscriptions/9c2422ee-4329-48d5-9328-243ac923e9db/resourceGroups/SummerInterview2023/providers/Microsoft.Web/connections/azureblob-2",
            "type": "String"
        },
        "connections_keyvault_1_externalid": {
            "defaultValue": "/subscriptions/9c2422ee-4329-48d5-9328-243ac923e9db/resourceGroups/SummerInterview2023/providers/Microsoft.Web/connections/keyvault-1",
            "type": "String"
        },
        "connections_azuredatafactory_1_externalid": {
            "defaultValue": "/subscriptions/9c2422ee-4329-48d5-9328-243ac923e9db/resourceGroups/SummerInterview2023/providers/Microsoft.Web/connections/azuredatafactory-1",
            "type": "String"
        }
    },
    "variables": {},
    "resources": [
        {
            "type": "Microsoft.Logic/workflows",
            "apiVersion": "2017-07-01",
            "name": "[parameters('workflows_ConsumptionSummerInterview2023_name')]",
            "location": "eastus",
            "identity": {
                "type": "SystemAssigned"
            },
            "properties": {
                "state": "Enabled",
                "definition": {
                    "$schema": "https://schema.management.azure.com/providers/Microsoft.Logic/schemas/2016-06-01/workflowdefinition.json#",
                    "contentVersion": "1.0.0.0",
                    "parameters": {
                        "$connections": {
                            "defaultValue": {},
                            "type": "Object"
                        }
                    },
                    "triggers": {
                        "Recurrence": {
                            "recurrence": {
                                "frequency": "Week",
                                "interval": 1,
                                "schedule": {
                                    "hours": [
                                        "8"
                                    ],
                                    "minutes": [
                                        0
                                    ],
                                    "weekDays": [
                                        "Sunday"
                                    ]
                                },
                                "startTime": "2023-07-30 00:00:00",
                                "timeZone": "Eastern Standard Time"
                            },
                            "evaluatedRecurrence": {
                                "frequency": "Week",
                                "interval": 1,
                                "schedule": {
                                    "hours": [
                                        "8"
                                    ],
                                    "minutes": [
                                        0
                                    ],
                                    "weekDays": [
                                        "Sunday"
                                    ]
                                },
                                "startTime": "2023-07-30 00:00:00",
                                "timeZone": "Eastern Standard Time"
                            },
                            "type": "Recurrence"
                        }
                    },
                    "actions": {
                        "Create_blob_(V2)_Update_Raw_Container_With_Initial_Pages_of_Organizations": {
                            "runAfter": {
                                "HTTP_readin_organization_raw": [
                                    "Succeeded"
                                ]
                            },
                            "type": "ApiConnection",
                            "inputs": {
                                "host": {
                                    "connection": {
                                        "name": "@parameters('$connections')['azureblob-2']['connectionId']"
                                    }
                                },
                                "method": "post",
                                "body": "@body('HTTP_readin_organization_raw')",
                                "headers": {
                                    "ReadFileMetadataFromServer": true
                                },
                                "path": "/v2/datasets/@{encodeURIComponent(encodeURIComponent('AccountNameFromSettings'))}/files",
                                "queries": {
                                    "folderPath": "/raw",
                                    "name": "ds_pet_finder_organization_@{variables('CurrentPetFinderAPIOrganizationPageNum')}.json",
                                    "queryParametersSingleEncoded": true
                                }
                            },
                            "runtimeConfiguration": {
                                "contentTransfer": {
                                    "transferMode": "Chunked"
                                }
                            }
                        },
                        "Create_blob_(V2)_Update_Raw_Container_with_Initial_Pages_of_Florida_Dogs": {
                            "runAfter": {
                                "HTTP_readin_fl_dogs_raw": [
                                    "Succeeded"
                                ]
                            },
                            "type": "ApiConnection",
                            "inputs": {
                                "host": {
                                    "connection": {
                                        "name": "@parameters('$connections')['azureblob-2']['connectionId']"
                                    }
                                },
                                "method": "post",
                                "body": "@{body('HTTP_readin_fl_dogs_raw')}",
                                "headers": {
                                    "ReadFileMetadataFromServer": true
                                },
                                "path": "/v2/datasets/@{encodeURIComponent(encodeURIComponent('AccountNameFromSettings'))}/files",
                                "queries": {
                                    "folderPath": "/raw",
                                    "name": "ds_pet_finder_fl_dog_@{variables('CurrentPetFinderAPIAnimalsPageNum')}.json",
                                    "queryParametersSingleEncoded": true
                                }
                            },
                            "runtimeConfiguration": {
                                "contentTransfer": {
                                    "transferMode": "Chunked"
                                }
                            }
                        },
                        "Get_secret_Pet_Finder_API_Key": {
                            "runAfter": {},
                            "type": "ApiConnection",
                            "inputs": {
                                "host": {
                                    "connection": {
                                        "name": "@parameters('$connections')['keyvault-3']['connectionId']"
                                    }
                                },
                                "method": "get",
                                "path": "/secrets/@{encodeURIComponent('PetFinderApiKey')}/value"
                            }
                        },
                        "Get_secret_Pet_Finder_API_Secret": {
                            "runAfter": {},
                            "trackedProperties": {},
                            "type": "ApiConnection",
                            "inputs": {
                                "host": {
                                    "connection": {
                                        "name": "@parameters('$connections')['keyvault-3']['connectionId']"
                                    }
                                },
                                "method": "get",
                                "path": "/secrets/@{encodeURIComponent('PetFinderApiSecret')}/value"
                            }
                        },
                        "HTTP_Get_Token": {
                            "runAfter": {
                                "Get_secret_Pet_Finder_API_Key": [
                                    "Succeeded"
                                ],
                                "Get_secret_Pet_Finder_API_Secret": [
                                    "Succeeded"
                                ]
                            },
                            "type": "Http",
                            "inputs": {
                                "uri": "https://api.petfinder.com/v2/oauth2/token",
                                "method": "POST",
                                "headers": {
                                    "Content-Type": "multipart/form-data; boundary=--boundary"
                                },
                                "body": "----boundary\nContent-Disposition: form-data; name=\"grant_type\"\n\nclient_credentials\n----boundary\nContent-Disposition: form-data; name=\"client_id\"\n\n@{body('Get_secret_Pet_Finder_Api_Key')?['value']}\n----boundary\nContent-Disposition: form-data; name=\"client_secret\"\n\n@{body('Get_secret_Pet_Finder_Api_Secret')?['value']}\n----boundary--"
                            },
                            "runtimeConfiguration": {
                                "contentTransfer": {
                                    "transferMode": "Chunked"
                                }
                            }
                        },
                        "HTTP_readin_fl_dogs_raw": {
                            "runAfter": {
                                "Parse_JSON_for_BearerToken": [
                                    "Succeeded"
                                ]
                            },
                            "type": "Http",
                            "inputs": {
                                "uri": "https://api.petfinder.com/v2/animals?type=Dog&location=FL&page=1&limit=100",
                                "method": "GET",
                                "headers": {
                                    "Authorization": "Bearer @{body('Parse_JSON_for_BearerToken')?['access_token']}"
                                }
                            },
                            "runtimeConfiguration": {
                                "contentTransfer": {
                                    "transferMode": "Chunked"
                                }
                            }
                        },
                        "HTTP_readin_organization_raw": {
                            "runAfter": {
                                "Parse_JSON_for_BearerToken": [
                                    "Succeeded"
                                ]
                            },
                            "type": "Http",
                            "inputs": {
                                "uri": "https://api.petfinder.com/v2/organizations?state=FL&page=1&limit=100",
                                "method": "GET",
                                "headers": {
                                    "Authorization": "Bearer @{body('Parse_JSON_for_BearerToken')?['access_token']}"
                                }
                            },
                            "runtimeConfiguration": {
                                "contentTransfer": {
                                    "transferMode": "Chunked"
                                }
                            }
                        },
                        "Initialize_variable_CurrentPetFinderAPIAnimalsPageNum": {
                            "runAfter": {
                                "HTTP_Get_Token": [
                                    "Succeeded"
                                ]
                            },
                            "type": "InitializeVariable",
                            "inputs": {
                                "variables": [
                                    {
                                        "name": "CurrentPetFinderAPIAnimalsPageNum",
                                        "type": "integer",
                                        "value": 1
                                    }
                                ]
                            }
                        },
                        "Initialize_variable_CurrentPetFinderAPIOrganizationPageNum": {
                            "runAfter": {
                                "HTTP_Get_Token": [
                                    "Succeeded"
                                ]
                            },
                            "type": "InitializeVariable",
                            "inputs": {
                                "variables": [
                                    {
                                        "name": "CurrentPetFinderAPIOrganizationPageNum",
                                        "type": "integer",
                                        "value": 1
                                    }
                                ]
                            }
                        },
                        "Initialize_variable_PetFinderApiOrganizationNumPages": {
                            "runAfter": {
                                "Parse_JSON_for_Number_of_Pages_in_Organization_Data": [
                                    "Succeeded"
                                ]
                            },
                            "type": "InitializeVariable",
                            "inputs": {
                                "variables": [
                                    {
                                        "name": "PetFinderApiOrganizationNumPages",
                                        "type": "integer",
                                        "value": "@body('Parse_JSON_for_Number_of_Pages_in_Organization_Data')?['pagination']?['total_pages']"
                                    }
                                ]
                            }
                        },
                        "Parse_JSON_for_BearerToken": {
                            "runAfter": {
                                "HTTP_Get_Token": [
                                    "Succeeded"
                                ]
                            },
                            "type": "ParseJson",
                            "inputs": {
                                "content": "@body('HTTP_Get_Token')",
                                "schema": {
                                    "properties": {
                                        "access_token": {
                                            "type": "string"
                                        },
                                        "expires_in": {
                                            "type": "integer"
                                        },
                                        "token_type": {
                                            "type": "string"
                                        }
                                    },
                                    "type": "object"
                                }
                            }
                        },
                        "Parse_JSON_for_Number_of_Pages_in_Organization_Data": {
                            "runAfter": {
                                "HTTP_readin_organization_raw": [
                                    "Succeeded"
                                ]
                            },
                            "type": "ParseJson",
                            "inputs": {
                                "content": "@body('HTTP_readin_organization_raw')",
                                "schema": {
                                    "properties": {
                                        "animals": {
                                            "items": {
                                                "properties": {
                                                    "_links": {
                                                        "properties": {
                                                            "organization": {
                                                                "properties": {
                                                                    "href": {
                                                                        "type": [
                                                                            "string",
                                                                            "null"
                                                                        ]
                                                                    }
                                                                },
                                                                "type": "object"
                                                            },
                                                            "self": {
                                                                "properties": {
                                                                    "href": {
                                                                        "type": [
                                                                            "string",
                                                                            "null"
                                                                        ]
                                                                    }
                                                                },
                                                                "type": "object"
                                                            },
                                                            "type": {
                                                                "properties": {
                                                                    "href": {
                                                                        "type": [
                                                                            "string",
                                                                            "null"
                                                                        ]
                                                                    }
                                                                },
                                                                "type": "object"
                                                            }
                                                        },
                                                        "type": "object"
                                                    },
                                                    "age": {
                                                        "type": "string"
                                                    },
                                                    "attributes": {
                                                        "properties": {
                                                            "declawed": {},
                                                            "house_trained": {
                                                                "type": [
                                                                    "boolean",
                                                                    "null"
                                                                ]
                                                            },
                                                            "shots_current": {
                                                                "type": [
                                                                    "boolean",
                                                                    "null"
                                                                ]
                                                            },
                                                            "spayed_neutered": {
                                                                "type": [
                                                                    "boolean",
                                                                    "null"
                                                                ]
                                                            },
                                                            "special_needs": {
                                                                "type": [
                                                                    "boolean",
                                                                    "null"
                                                                ]
                                                            }
                                                        },
                                                        "type": "object"
                                                    },
                                                    "breeds": {
                                                        "properties": {
                                                            "mixed": {
                                                                "type": [
                                                                    "boolean",
                                                                    "null"
                                                                ]
                                                            },
                                                            "primary": {
                                                                "type": [
                                                                    "string",
                                                                    "null"
                                                                ]
                                                            },
                                                            "secondary": {
                                                                "type": [
                                                                    "string",
                                                                    "null"
                                                                ]
                                                            },
                                                            "unknown": {
                                                                "type": [
                                                                    "boolean",
                                                                    "null"
                                                                ]
                                                            }
                                                        },
                                                        "type": "object"
                                                    },
                                                    "coat": {},
                                                    "colors": {
                                                        "properties": {
                                                            "primary": {
                                                                "type": [
                                                                    "string",
                                                                    "null"
                                                                ]
                                                            },
                                                            "secondary": {},
                                                            "tertiary": {}
                                                        },
                                                        "type": "object"
                                                    },
                                                    "contact": {
                                                        "properties": {
                                                            "address": {
                                                                "properties": {
                                                                    "address1": {},
                                                                    "address2": {},
                                                                    "city": {
                                                                        "type": [
                                                                            "string",
                                                                            "null"
                                                                        ]
                                                                    },
                                                                    "country": {
                                                                        "type": "string"
                                                                    },
                                                                    "postcode": {
                                                                        "type": [
                                                                            "string",
                                                                            "null"
                                                                        ]
                                                                    },
                                                                    "state": {
                                                                        "type": [
                                                                            "string",
                                                                            "null"
                                                                        ]
                                                                    }
                                                                },
                                                                "type": "object"
                                                            },
                                                            "email": {
                                                                "type": [
                                                                    "string",
                                                                    "null"
                                                                ]
                                                            },
                                                            "phone": {}
                                                        },
                                                        "type": "object"
                                                    },
                                                    "description": {
                                                        "type": [
                                                            "string",
                                                            "null"
                                                        ]
                                                    },
                                                    "distance": {
                                                        "type": "number"
                                                    },
                                                    "environment": {
                                                        "properties": {
                                                            "cats": {},
                                                            "children": {
                                                                "type": [
                                                                    "boolean",
                                                                    "null"
                                                                ]
                                                            },
                                                            "dogs": {
                                                                "type": [
                                                                    "boolean",
                                                                    "null"
                                                                ]
                                                            }
                                                        },
                                                        "type": "object"
                                                    },
                                                    "gender": {
                                                        "type": "string"
                                                    },
                                                    "id": {
                                                        "type": "integer"
                                                    },
                                                    "name": {
                                                        "type": "string"
                                                    },
                                                    "organization_animal_id": {
                                                        "type": [
                                                            "string",
                                                            "null"
                                                        ]
                                                    },
                                                    "organization_id": {
                                                        "type": "string"
                                                    },
                                                    "photos": {
                                                        "type": "array"
                                                    },
                                                    "primary_photo_cropped": {},
                                                    "published_at": {
                                                        "type": [
                                                            "string",
                                                            "null"
                                                        ]
                                                    },
                                                    "size": {
                                                        "type": "string"
                                                    },
                                                    "species": {
                                                        "type": "string"
                                                    },
                                                    "status": {
                                                        "type": [
                                                            "string",
                                                            "null"
                                                        ]
                                                    },
                                                    "status_changed_at": {
                                                        "type": [
                                                            "string",
                                                            "null"
                                                        ]
                                                    },
                                                    "tags": {
                                                        "type": "array"
                                                    },
                                                    "type": {
                                                        "type": "string"
                                                    },
                                                    "url": {
                                                        "type": "string"
                                                    },
                                                    "videos": {
                                                        "type": "array"
                                                    }
                                                },
                                                "required": [
                                                    "id",
                                                    "organization_id",
                                                    "url",
                                                    "contact",
                                                    "_links"
                                                ],
                                                "type": "object"
                                            },
                                            "type": "array"
                                        },
                                        "pagination": {
                                            "properties": {
                                                "_links": {
                                                    "properties": {
                                                        "next": {
                                                            "properties": {
                                                                "href": {
                                                                    "type": "string"
                                                                }
                                                            },
                                                            "type": "object"
                                                        }
                                                    },
                                                    "type": "object"
                                                },
                                                "count_per_page": {
                                                    "type": "integer"
                                                },
                                                "current_page": {
                                                    "type": "integer"
                                                },
                                                "total_count": {
                                                    "type": "integer"
                                                },
                                                "total_pages": {
                                                    "type": "integer"
                                                }
                                            },
                                            "type": "object"
                                        }
                                    },
                                    "type": "object"
                                }
                            }
                        },
                        "Parse_JSON_for_Number_of_Pages_in_Florida_Dogs_Data": {
                            "runAfter": {
                                "HTTP_readin_fl_dogs_raw": [
                                    "Succeeded"
                                ]
                            },
                            "type": "ParseJson",
                            "inputs": {
                                "content": "@body('HTTP_readin_fl_dogs_raw')",
                                "schema": {
                                    "type": "object",
                                    "properties": {
                                        "animals": {
                                            "type": "array",
                                            "items": {
                                                "type": "object",
                                                "properties": {
                                                    "id": {
                                                        "type": "integer"
                                                    },
                                                    "organization_id": {
                                                        "type": "string"
                                                    },
                                                    "url": {
                                                        "type": "string"
                                                    },
                                                    "type": {
                                                        "type": "string"
                                                    },
                                                    "species": {
                                                        "type": "string"
                                                    },
                                                    "breeds": {
                                                        "type": "object",
                                                        "properties": {
                                                            "primary": {
                                                                "type": [
                                                                    "string",
                                                                    "null"
                                                                ]
                                                            },
                                                            "secondary": {
                                                                "type": [
                                                                    "string",
                                                                    "null"
                                                                ]
                                                            },
                                                            "mixed": {
                                                                "type": [
                                                                    "boolean",
                                                                    "null"
                                                                ]
                                                            },
                                                            "unknown": {
                                                                "type": [
                                                                    "boolean",
                                                                    "null"
                                                                ]
                                                            }
                                                        }
                                                    },
                                                    "colors": {
                                                        "type": "object",
                                                        "properties": {
                                                            "primary": {
                                                                "type": [
                                                                    "string",
                                                                    "null"
                                                                ]
                                                            },
                                                            "secondary": {},
                                                            "tertiary": {}
                                                        }
                                                    },
                                                    "age": {
                                                        "type": "string"
                                                    },
                                                    "gender": {
                                                        "type": "string"
                                                    },
                                                    "size": {
                                                        "type": "string"
                                                    },
                                                    "coat": {},
                                                    "attributes": {
                                                        "type": "object",
                                                        "properties": {
                                                            "spayed_neutered": {
                                                                "type": [
                                                                    "boolean",
                                                                    "null"
                                                                ]
                                                            },
                                                            "house_trained": {
                                                                "type": [
                                                                    "boolean",
                                                                    "null"
                                                                ]
                                                            },
                                                            "declawed": {},
                                                            "special_needs": {
                                                                "type": [
                                                                    "boolean",
                                                                    "null"
                                                                ]
                                                            },
                                                            "shots_current": {
                                                                "type": [
                                                                    "boolean",
                                                                    "null"
                                                                ]
                                                            }
                                                        }
                                                    },
                                                    "environment": {
                                                        "type": "object",
                                                        "properties": {
                                                            "children": {
                                                                "type": [
                                                                    "boolean",
                                                                    "null"
                                                                ]
                                                            },
                                                            "dogs": {
                                                                "type": [
                                                                    "boolean",
                                                                    "null"
                                                                ]
                                                            },
                                                            "cats": {}
                                                        }
                                                    },
                                                    "tags": {
                                                        "type": "array"
                                                    },
                                                    "name": {
                                                        "type": "string"
                                                    },
                                                    "description": {
                                                        "type": [
                                                            "string",
                                                            "null"
                                                        ]
                                                    },
                                                    "organization_animal_id": {
                                                        "type": [
                                                            "string",
                                                            "null"
                                                        ]
                                                    },
                                                    "photos": {
                                                        "type": "array"
                                                    },
                                                    "primary_photo_cropped": {},
                                                    "videos": {
                                                        "type": "array"
                                                    },
                                                    "status": {
                                                        "type": [
                                                            "string",
                                                            "null"
                                                        ]
                                                    },
                                                    "status_changed_at": {
                                                        "type": [
                                                            "string",
                                                            "null"
                                                        ]
                                                    },
                                                    "published_at": {
                                                        "type": [
                                                            "string",
                                                            "null"
                                                        ]
                                                    },
                                                    "distance": {
                                                        "type": "number"
                                                    },
                                                    "contact": {
                                                        "type": "object",
                                                        "properties": {
                                                            "email": {
                                                                "type": [
                                                                    "string",
                                                                    "null"
                                                                ]
                                                            },
                                                            "phone": {},
                                                            "address": {
                                                                "type": "object",
                                                                "properties": {
                                                                    "address1": {},
                                                                    "address2": {},
                                                                    "city": {
                                                                        "type": [
                                                                            "string",
                                                                            "null"
                                                                        ]
                                                                    },
                                                                    "state": {
                                                                        "type": [
                                                                            "string",
                                                                            "null"
                                                                        ]
                                                                    },
                                                                    "postcode": {
                                                                        "type": [
                                                                            "string",
                                                                            "null"
                                                                        ]
                                                                    },
                                                                    "country": {
                                                                        "type": "string"
                                                                    }
                                                                }
                                                            }
                                                        }
                                                    },
                                                    "_links": {
                                                        "type": "object",
                                                        "properties": {
                                                            "self": {
                                                                "type": "object",
                                                                "properties": {
                                                                    "href": {
                                                                        "type": [
                                                                            "string",
                                                                            "null"
                                                                        ]
                                                                    }
                                                                }
                                                            },
                                                            "type": {
                                                                "type": "object",
                                                                "properties": {
                                                                    "href": {
                                                                        "type": [
                                                                            "string",
                                                                            "null"
                                                                        ]
                                                                    }
                                                                }
                                                            },
                                                            "organization": {
                                                                "type": "object",
                                                                "properties": {
                                                                    "href": {
                                                                        "type": [
                                                                            "string",
                                                                            "null"
                                                                        ]
                                                                    }
                                                                }
                                                            }
                                                        }
                                                    }
                                                },
                                                "required": [
                                                    "id",
                                                    "organization_id",
                                                    "url",
                                                    "contact",
                                                    "_links"
                                                ]
                                            }
                                        },
                                        "pagination": {
                                            "type": "object",
                                            "properties": {
                                                "count_per_page": {
                                                    "type": "integer"
                                                },
                                                "total_count": {
                                                    "type": "integer"
                                                },
                                                "current_page": {
                                                    "type": "integer"
                                                },
                                                "total_pages": {
                                                    "type": "integer"
                                                },
                                                "_links": {
                                                    "type": "object",
                                                    "properties": {
                                                        "next": {
                                                            "type": "object",
                                                            "properties": {
                                                                "href": {
                                                                    "type": "string"
                                                                }
                                                            }
                                                        }
                                                    }
                                                }
                                            }
                                        }
                                    }
                                }
                            }
                        },
                        "Initialize_variable_PetFinderApiFlDogNumPages": {
                            "runAfter": {
                                "Parse_JSON_for_Number_of_Pages_in_Florida_Dogs_Data": [
                                    "Succeeded"
                                ]
                            },
                            "type": "InitializeVariable",
                            "inputs": {
                                "variables": [
                                    {
                                        "name": "PetFinderApiFlDogNumPages",
                                        "type": "integer",
                                        "value": "@body('Parse_JSON_for_Number_of_Pages_in_Florida_Dogs_Data')?['pagination']?['total_pages']"
                                    }
                                ]
                            }
                        },
                        "Until_Loop_Until_All_Fl_Dog_Pages_Are_Ingested": {
                            "actions": {
                                "Increment_variable_CurrentPetFinderAPIAnimalsPageNum": {
                                    "type": "IncrementVariable",
                                    "inputs": {
                                        "name": "CurrentPetFinderAPIAnimalsPageNum",
                                        "value": 1
                                    }
                                },
                                "HTTP_Get_Subsequent_Pages_of_Fl_Dog_API_Data": {
                                    "runAfter": {
                                        "Increment_variable_CurrentPetFinderAPIAnimalsPageNum": [
                                            "Succeeded"
                                        ]
                                    },
                                    "type": "Http",
                                    "inputs": {
                                        "uri": "https://api.petfinder.com/v2/animals?type=Dog&location=FL&page=@{variables('CurrentPetFinderAPIAnimalsPageNum')}&limit=100",
                                        "method": "GET",
                                        "headers": {
                                            "Authorization": "Bearer @{body('Parse_JSON_for_BearerToken')?['access_token']}"
                                        }
                                    },
                                    "runtimeConfiguration": {
                                        "contentTransfer": {
                                            "transferMode": "Chunked"
                                        }
                                    }
                                },
                                "Create_blob_(V2)_Update_Raw_Container_With_Fl_Dog_Data": {
                                    "runAfter": {
                                        "HTTP_Get_Subsequent_Pages_of_Fl_Dog_API_Data": [
                                            "Succeeded"
                                        ]
                                    },
                                    "type": "ApiConnection",
                                    "inputs": {
                                        "host": {
                                            "connection": {
                                                "name": "@parameters('$connections')['azureblob-2']['connectionId']"
                                            }
                                        },
                                        "method": "post",
                                        "body": "@body('HTTP_GET_Subsequent_pages_of_FL_Dog_API_Data')",
                                        "headers": {
                                            "ReadFileMetadataFromServer": true
                                        },
                                        "path": "/v2/datasets/@{encodeURIComponent(encodeURIComponent('AccountNameFromSettings'))}/files",
                                        "queries": {
                                            "folderPath": "/raw",
                                            "name": "ds_pet_finder_fl_dog_@{variables('CurrentPetFinderAPIAnimalsPageNum')}.json",
                                            "queryParametersSingleEncoded": true
                                        }
                                    },
                                    "runtimeConfiguration": {
                                        "contentTransfer": {
                                            "transferMode": "Chunked"
                                        }
                                    }
                                }
                            },
                            "runAfter": {
                                "Initialize_variable_PetFinderApiFlDogNumPages": [
                                    "Succeeded"
                                ],
                                "Initialize_variable_CurrentPetFinderAPIAnimalsPageNum": [
                                    "Succeeded"
                                ]
                            },
                            "expression": "@equals(variables('CurrentPetFinderAPIAnimalsPageNum'),variables('PetFinderApiFlDogNumPages'))",
                            "limit": {
                                "timeout": "PT1H"
                            },
                            "type": "Until"
                        },
                        "Until_Loop_Until_All_Orgnanization_Pages_Are_Ingested": {
                            "actions": {
                                "Increment_variable_CurrentPetFinderAPIOrganizationPageNum": {
                                    "type": "IncrementVariable",
                                    "inputs": {
                                        "name": "CurrentPetFinderAPIOrganizationPageNum",
                                        "value": 1
                                    }
                                },
                                "HTTP_Get_Subsequent_Pages_of_Organization_API_Data": {
                                    "runAfter": {
                                        "Increment_variable_CurrentPetFinderAPIOrganizationPageNum": [
                                            "Succeeded"
                                        ]
                                    },
                                    "type": "Http",
                                    "inputs": {
                                        "uri": "https://api.petfinder.com/v2/organizations?page=@{variables('CurrentPetFinderAPIOrganizationPageNum')}&limit=100",
                                        "method": "GET",
                                        "headers": {
                                            "Authorization": "Bearer @{body('Parse_JSON_for_BearerToken')?['access_token']}"
                                        }
                                    },
                                    "runtimeConfiguration": {
                                        "contentTransfer": {
                                            "transferMode": "Chunked"
                                        }
                                    }
                                },
                                "Create_blob_(V2)_Update_Raw_Container_With_Organization_Data": {
                                    "runAfter": {
                                        "HTTP_Get_Subsequent_Pages_of_Organization_API_Data": [
                                            "Succeeded"
                                        ]
                                    },
                                    "type": "ApiConnection",
                                    "inputs": {
                                        "host": {
                                            "connection": {
                                                "name": "@parameters('$connections')['azureblob-2']['connectionId']"
                                            }
                                        },
                                        "method": "post",
                                        "body": "@body('HTTP_GET_Subsequent_pages_of_Organization_API_Data')",
                                        "headers": {
                                            "ReadFileMetadataFromServer": true
                                        },
                                        "path": "/v2/datasets/@{encodeURIComponent(encodeURIComponent('AccountNameFromSettings'))}/files",
                                        "queries": {
                                            "folderPath": "/raw",
                                            "name": "ds_pet_finder_organization@{variables('CurrentPetFinderAPIOrganizationPageNum')}.json",
                                            "queryParametersSingleEncoded": true
                                        }
                                    },
                                    "runtimeConfiguration": {
                                        "contentTransfer": {
                                            "transferMode": "Chunked"
                                        }
                                    }
                                }
                            },
                            "runAfter": {
                                "Initialize_variable_PetFinderApiOrganizationNumPages": [
                                    "Succeeded"
                                ],
                                "Initialize_variable_CurrentPetFinderAPIOrganizationPageNum": [
                                    "Succeeded"
                                ]
                            },
                            "expression": "@equals(variables('CurrentPetFinderAPIOrganizationPageNum'),variables('PetFinderApiOrganizationNumPages'))",
                            "limit": {
                                "timeout": "PT1H"
                            },
                            "type": "Until"
                        },
                        "Create_a_pipeline_run_Trigger_For_Each_Databricks_Config_Row": {
                            "runAfter": {
                                "Until_Loop_Until_All_Orgnanization_Pages_Are_Ingested": [
                                    "Succeeded"
                                ],
                                "Until_Loop_Until_All_Fl_Dog_Pages_Are_Ingested": [
                                    "Succeeded"
                                ]
                            },
                            "type": "ApiConnection",
                            "inputs": {
                                "host": {
                                    "connection": {
                                        "name": "@parameters('$connections')['azuredatafactory']['connectionId']"
                                    }
                                },
                                "method": "post",
                                "path": "/subscriptions/@{encodeURIComponent('9c2422ee-4329-48d5-9328-243ac923e9db')}/resourcegroups/@{encodeURIComponent('SummerInterview2023')}/providers/Microsoft.DataFactory/factories/@{encodeURIComponent('SummerInterview2023')}/pipelines/@{encodeURIComponent('For Each Databricks Config Row')}/CreateRun",
                                "queries": {
                                    "x-ms-api-version": "2017-09-01-preview"
                                }
                            }
                        }
                    },
                    "outputs": {}
                },
                "parameters": {
                    "$connections": {
                        "value": {
                            "azureblob-2": {
                                "id": "/subscriptions/9c2422ee-4329-48d5-9328-243ac923e9db/providers/Microsoft.Web/locations/eastus/managedApis/azureblob",
                                "connectionId": "[parameters('connections_azureblob_2_externalid')]",
                                "connectionName": "azureblob-2"
                            },
                            "keyvault-3": {
                                "id": "/subscriptions/9c2422ee-4329-48d5-9328-243ac923e9db/providers/Microsoft.Web/locations/eastus/managedApis/keyvault",
                                "connectionId": "[parameters('connections_keyvault_1_externalid')]",
                                "connectionName": "keyvault-1",
                                "connectionProperties": {
                                    "authentication": {
                                        "type": "ManagedServiceIdentity"
                                    }
                                }
                            },
                            "azuredatafactory": {
                                "id": "/subscriptions/9c2422ee-4329-48d5-9328-243ac923e9db/providers/Microsoft.Web/locations/eastus/managedApis/azuredatafactory",
                                "connectionId": "[parameters('connections_azuredatafactory_1_externalid')]",
                                "connectionName": "azuredatafactory-1",
                                "connectionProperties": {
                                    "authentication": {
                                        "type": "ManagedServiceIdentity"
                                    }
                                }
                            }
                        }
                    }
                }
            }
        }
    ]
}